COUNTRY,GID_0,NAME_1,GID_1,NAME_2,GID_2,NAME_3,GID_3,TYPE_3,mean_p0,sd_p0,cv_p0
Benin,BEN,Littoral,BEN.8_1,Cotonou,BEN.8.1_1,Arrondissement1,BEN.8.1.1_1,Arrondissement,.10817311,.31060115,2.8713341
Benin,BEN,Littoral,BEN.8_1,Cotonou,BEN.8.1_1,Arrondissement10,BEN.8.1.2_1,Arrondissement,.11420836,.31806761,2.7849765
Benin,BEN,Littoral,BEN.8_1,Cotonou,BEN.8.1_1,Arrondissement11,BEN.8.1.3_1,Arrondissement,.14792873,.35503718,2.4000556
Benin,BEN,Littoral,BEN.8_1,Cotonou,BEN.8.1_1,Arrondissement12,BEN.8.1.4_1,Arrondissement,.22329991,.41645908,1.8650213
Benin,BEN,Littoral,BEN.8_1,Cotonou,BEN.8.1_1,Arrondissement13,BEN.8.1.5_1,Arrondissement,.2376059,.42561859,1.7912796
Benin,BEN,Littoral,BEN.8_1,Cotonou,BEN.8.1_1,Arrondissement2,BEN.8.1.6_1,Arrondissement,.052686904,.22340913,4.2403164
Benin,BEN,Littoral,BEN.8_1,Cotonou,BEN.8.1_1,Arrondissement3,BEN.8.1.7_1,Arrondissement,.31894478,.46607006,1.4612876
Benin,BEN,Littoral,BEN.8_1,Cotonou,BEN.8.1_1,Arrondissement4,BEN.8.1.8_1,Arrondissement,.11363979,.31737623,2.7928267
Benin,BEN,Littoral,BEN.8_1,Cotonou,BEN.8.1_1,Arrondissement5,BEN.8.1.9_1,Arrondissement,.24242425,.42856997,1.7678511
Benin,BEN,Littoral,BEN.8_1,Cotonou,BEN.8.1_1,Arrondissement6,BEN.8.1.10_1,Arrondissement,.18192784,.38578689,2.120549
Benin,BEN,Littoral,BEN.8_1,Cotonou,BEN.8.1_1,Arrondissement7,BEN.8.1.11_1,Arrondissement,.30042937,.45845497,1.5259992
Benin,BEN,Littoral,BEN.8_1,Cotonou,BEN.8.1_1,Arrondissement8,BEN.8.1.12_1,Arrondissement,.13942254,.34639174,2.4844744
Benin,BEN,Littoral,BEN.8_1,Cotonou,BEN.8.1_1,Arrondissement9,BEN.8.1.13_1,Arrondissement,.13084614,.33723411,2.5773332
Benin,BEN,Plateau,BEN.11_1,Kétou,BEN.11.3_1,Adakplamé,BEN.11.3.1_1,Arrondissement,.37043431,.48292646,1.3036764
Benin,BEN,Collines,BEN.5_1,Savè,BEN.5.6_1,Adido,BEN.5.6.1_1,Arrondissement,0,0,
Benin,BEN,Mono,BEN.9_1,Grand-Popo,BEN.9.4_1,Adjaha,BEN.9.4.1_1,Arrondissement,0,0,
Benin,BEN,Atlantique,BEN.3_1,Zè,BEN.3.8_1,Adjan,BEN.3.8.1_1,Arrondissement,0,0,
Benin,BEN,Kouffo,BEN.7_1,Klouékanmè,BEN.7.4_1,Adjanhonmè,BEN.7.4.1_1,Arrondissement,.34482759,.47532621,1.378446
Benin,BEN,Plateau,BEN.11_1,Adja-Ouèrè,BEN.11.1_1,Adja-Ouèrè,BEN.11.1.1_1,Arrondissement,.15065558,.35772446,2.3744521
Benin,BEN,Ouémé,BEN.10_1,Adjarra,BEN.10.1_1,AdjarraI,BEN.10.1.1_1,Arrondissement,.097358234,.29645339,3.044975
Benin,BEN,Kouffo,BEN.7_1,Toviklin,BEN.7.6_1,Adjido,BEN.7.6.1_1,Arrondissement,.61904764,.48563507,.78448737
Benin,BEN,Kouffo,BEN.7_1,Djakotomey,BEN.7.2_1,Adjintimey,BEN.7.2.1_1,Arrondissement,.53480631,.4987967,.93266797
Benin,BEN,Mono,BEN.9_1,Lokossa,BEN.9.7_1,Adohoun,BEN.9.7.1_1,Arrondissement,.65473086,.47546065,.72619253
Benin,BEN,Kouffo,BEN.7_1,Lalo,BEN.7.5_1,Adoukandji,BEN.7.5.1_1,Arrondissement,.63636363,.48105872,.75594944
Benin,BEN,Ouémé,BEN.10_1,Bonou,BEN.10.6_1,Affamè,BEN.10.6.1_1,Arrondissement,.067446262,.25079936,3.7185063
Benin,BEN,Mono,BEN.9_1,Lokossa,BEN.9.7_1,Agamé,BEN.9.7.2_1,Arrondissement,.65557963,.47519115,.72484124
Benin,BEN,Atlantique,BEN.3_1,Kpomassè,BEN.3.3_1,Aganmalomé,BEN.3.3.1_1,Arrondissement,.33167496,.47082606,1.4195405
Benin,BEN,Mono,BEN.9_1,Comè,BEN.9.3_1,Agatogbo,BEN.9.3.1_1,Arrondissement,.28662419,.45219553,1.57766
Benin,BEN,Mono,BEN.9_1,Bopa,BEN.9.2_1,Agbodji,BEN.9.2.1_1,Arrondissement,.71393937,.4519572,.63304704
Benin,BEN,Zou,BEN.12_1,Abomey,BEN.12.1_1,Agbopka,BEN.12.1.1_1,Arrondissement,.3173905,.46546793,1.4665465
Benin,BEN,Ouémé,BEN.10_1,Sèmè-Kpodji,BEN.10.9_1,Aglangandan,BEN.10.9.1_1,Arrondissement,.097993955,.29730836,3.0339458
Benin,BEN,Ouémé,BEN.10_1,Adjarra,BEN.10.1_1,Aglogbé,BEN.10.1.3_1,Arrondissement,0,0,
Benin,BEN,Zou,BEN.12_1,Bohicon,BEN.12.3_1,Agongointo,BEN.12.3.1_1,Arrondissement,.75510204,.43003958,.56951189
Benin,BEN,Atlantique,BEN.3_1,Kpomassè,BEN.3.3_1,Agonkanmè,BEN.3.3.3_1,Arrondissement,.38671306,.4870047,1.2593439
Benin,BEN,Mono,BEN.9_1,Grand-Popo,BEN.9.4_1,Agou?,BEN.9.4.2_1,Arrondissement,.31525227,.46463117,1.4738393
Benin,BEN,Zou,BEN.12_1,Djidja,BEN.12.5_1,Agouna,BEN.12.5.2_1,Arrondissement,.38115913,.48567891,1.2742156
Benin,BEN,Plateau,BEN.11_1,Sakété,BEN.11.5_1,Aguidi,BEN.11.5.1_1,Arrondissement,0,0,
Benin,BEN,Kouffo,BEN.7_1,Klouékanmè,BEN.7.4_1,Ahogbeya,BEN.7.4.2_1,Arrondissement,.51282054,.49985749,.97472203
Benin,BEN,Ouémé,BEN.10_1,Sèmè-Kpodji,BEN.10.9_1,Aholouyèmè,BEN.10.9.2_1,Arrondissement,0,0,
Benin,BEN,Kouffo,BEN.7_1,Lalo,BEN.7.5_1,Ahomadégbé,BEN.7.5.3_1,Arrondissement,.81034482,.39203557,.48378858
Benin,BEN,Atlantique,BEN.3_1,Allada,BEN.3.2_1,Ahouanonzou,BEN.3.2.2_1,Arrondissement,.63208717,.48225737,.7629602
Benin,BEN,Plateau,BEN.11_1,Pobè,BEN.11.4_1,Ahoyéyé,BEN.11.4.1_1,Arrondissement,.42028984,.49362102,1.1744776
Benin,BEN,Atlantique,BEN.3_1,Abomey-Calavi,BEN.3.1_1,Akassato,BEN.3.1.1_1,Arrondissement,.24521846,.43021896,1.7544314
Benin,BEN,Collines,BEN.5_1,Glazoué,BEN.5.3_1,Aklanpka,BEN.5.3.1_1,Arrondissement,.15789473,.36464956,2.3094473
Benin,BEN,Mono,BEN.9_1,Comè,BEN.9.3_1,Akodéha,BEN.9.3.2_1,Arrondissement,.34278074,.4746516,1.3847091
Benin,BEN,Collines,BEN.5_1,Bantè,BEN.5.1_1,Akpassi,BEN.5.1.2_1,Arrondissement,.44444445,.49691713,1.1180636
Benin,BEN,Ouémé,BEN.10_1,Akpro-Missérété,BEN.10.4_1,Akpro-Missérété,BEN.10.4.1_1,Arrondissement,.081077129,.27295575,3.3666184
Benin,BEN,Donga,BEN.6_1,Bassila,BEN.6.1_1,Alédjo,BEN.6.1.1_1,Arrondissement,.38516048,.48664045,1.2634746
Benin,BEN,Atlantique,BEN.3_1,Allada,BEN.3.2_1,Allada,BEN.3.2.3_1,Arrondissement,.13432381,.34100509,2.5386794
Benin,BEN,Zou,BEN.12_1,Za-Kpota,BEN.12.7_1,Allahé,BEN.12.7.1_1,Arrondissement,.33994427,.47369635,1.393453
Benin,BEN,Donga,BEN.6_1,Copargo,BEN.6.2_1,Anandana,BEN.6.2.1_1,Arrondissement,.29411766,.4556728,1.5492874
Benin,BEN,Alibori,BEN.1_1,Kandi,BEN.1.3_1,Angaradébou,BEN.1.3.1_1,Arrondissement,.32258064,.46747145,1.4491615
Benin,BEN,Kouffo,BEN.7_1,Aplahoué,BEN.7.1_1,Aplahoué,BEN.7.1.1_1,Arrondissement,.83883148,.36768997,.43833593
Benin,BEN,Collines,BEN.5_1,Glazoué,BEN.5.3_1,Assanté,BEN.5.3.2_1,Arrondissement,.23863636,.42625999,1.7862324
Benin,BEN,Mono,BEN.9_1,Athiémè,BEN.9.1_1,Atchannou,BEN.9.1.1_1,Arrondissement,.26785713,.44285935,1.6533417
Benin,BEN,Ouémé,BEN.10_1,Avrankou,BEN.10.5_1,Atchoukpa,BEN.10.5.1_1,Arrondissement,.11768328,.32223824,2.7381818
Benin,BEN,Mono,BEN.9_1,Athiémè,BEN.9.1_1,Athiémè,BEN.9.1.2_1,Arrondissement,.49147192,.49994001,1.01723
Benin,BEN,Collines,BEN.5_1,Bantè,BEN.5.1_1,Atocoligbé,BEN.5.1.3_1,Arrondissement,0,0,
Benin,BEN,Atlantique,BEN.3_1,Allada,BEN.3.2_1,Atogon,BEN.3.2.4_1,Arrondissement,0,0,
Benin,BEN,Kouffo,BEN.7_1,Aplahoué,BEN.7.1_1,Atomè,BEN.7.1.2_1,Arrondissement,.42105263,.4937382,1.1726283
Benin,BEN,Ouémé,BEN.10_1,Aguégués,BEN.10.3_1,Avagbodji,BEN.10.3.1_1,Arrondissement,.71428573,.45176518,.63247126
Benin,BEN,Zou,BEN.12_1,Zogbodomey,BEN.12.9_1,Avlamè,BEN.12.9.2_1,Arrondissement,.45901638,.49832532,1.0856373
Benin,BEN,Atlantique,BEN.3_1,Ouidah,BEN.3.4_1,Avlékété,BEN.3.4.5_1,Arrondissement,.55387151,.49710986,.8975184
Benin,BEN,Mono,BEN.9_1,Grand-Popo,BEN.9.4_1,Avloh,BEN.9.4.3_1,Arrondissement,.34230623,.47452676,1.3862638
Benin,BEN,Ouémé,BEN.10_1,Avrankou,BEN.10.5_1,Avrankou,BEN.10.5.2_1,Arrondissement,.18181819,.38572434,2.1214838
Benin,BEN,Ouémé,BEN.10_1,Adjohoun,BEN.10.2_1,Awonou,BEN.10.2.3_1,Arrondissement,0,0,
Benin,BEN,Kouffo,BEN.7_1,Dogbo,BEN.9.6_1,Ayomi,BEN.9.6.1_1,Arrondissement,.69578987,.460078,.66123122
Benin,BEN,Atlantique,BEN.3_1,Allada,BEN.3.2_1,Ayou,BEN.3.2.6_1,Arrondissement,.10810811,.31053492,2.872448
Benin,BEN,Atlantique,BEN.3_1,Tori-Bossito,BEN.3.7_1,Azohouè-Kada,BEN.3.7.3_1,Arrondissement,0,0,
Benin,BEN,Kouffo,BEN.7_1,Aplahoué,BEN.7.1_1,Azovè,BEN.7.1.3_1,Arrondissement,.32706121,.46914378,1.434422
Benin,BEN,Ouémé,BEN.10_1,Adjohoun,BEN.10.2_1,Azowlissè,BEN.10.2.4_1,Arrondissement,0,0,
Benin,BEN,Mono,BEN.9_1,Bopa,BEN.9.2_1,Badazoui,BEN.9.2.2_1,Arrondissement,.67241377,.46935442,.69801432
Benin,BEN,Donga,BEN.6_1,Ouaké,BEN.6.4_1,Badjoudè,BEN.6.4.1_1,Arrondissement,.76595747,.42341354,.55278987
Benin,BEN,Alibori,BEN.1_1,Gogounou,BEN.1.2_1,Bagou,BEN.1.2.1_1,Arrondissement,.44671091,.49715528,1.112924
Benin,BEN,Zou,BEN.12_1,Zagnanado,BEN.12.8_1,Banamè,BEN.12.8.2_1,Arrondissement,.69385129,.46090052,.66426414
Benin,BEN,Plateau,BEN.11_1,Ifangni,BEN.11.2_1,Banigbé,BEN.11.2.1_1,Arrondissement,.29270291,.45500678,1.5545003
Benin,BEN,Alibori,BEN.1_1,Banikoara,BEN.1.1_1,Banikoara,BEN.1.1.1_1,Arrondissement,.26897776,.44343308,1.6485864
Benin,BEN,Collines,BEN.5_1,Bantè,BEN.5.1_1,Bantè,BEN.5.1.4_1,Arrondissement,0,0,
Benin,BEN,Donga,BEN.6_1,DjougouRural,BEN.6.5_1,Barei,BEN.6.5.1_1,Arrondissement,.57319033,.49462363,.86293089
Benin,BEN,Donga,BEN.6_1,DjougouRural,BEN.6.5_1,Bariénou,BEN.6.5.2_1,Arrondissement,.57907057,.49371287,.85259533
Benin,BEN,Donga,BEN.6_1,Bassila,BEN.6.1_1,Bassila,BEN.6.1.2_1,Arrondissement,.53061002,.49906668,.94055265
Benin,BEN,Borgou,BEN.4_1,Kalalé,BEN.4.2_1,Basso,BEN.4.2.1_1,Arrondissement,.76237625,.42563134,.55829567
Benin,BEN,Donga,BEN.6_1,DjougouRural,BEN.6.5_1,Bélléfoungou,BEN.6.5.3_1,Arrondissement,.37288135,.48359045,1.2969017
Benin,BEN,Borgou,BEN.4_1,Bembèrèkè,BEN.4.1_1,Bembèrèkè,BEN.4.1.1_1,Arrondissement,.27848101,.44825995,1.6096607
Benin,BEN,Alibori,BEN.1_1,Kandi,BEN.1.3_1,Bensékou,BEN.1.3.2_1,Arrondissement,.40000001,.48990512,1.2247628
Benin,BEN,Borgou,BEN.4_1,Bembèrèkè,BEN.4.1_1,Béroubouay,BEN.4.1.2_1,Arrondissement,1,0,0
Benin,BEN,Collines,BEN.5_1,Savè,BEN.5.6_1,Bèssè,BEN.5.6.2_1,Arrondissement,0,0,
Benin,BEN,Borgou,BEN.4_1,Tchaourou,BEN.4.8_1,Bétérou,BEN.4.8.2_1,Arrondissement,.4385795,.49621755,1.1314199
Benin,BEN,Kouffo,BEN.7_1,Djakotomey,BEN.7.2_1,Bètoumey,BEN.7.2.2_1,Arrondissement,.4206267,.49366489,1.1736413
Benin,BEN,Atakora,BEN.2_1,Kouandé,BEN.2.4_1,Birni,BEN.2.4.1_1,Arrondissement,.85645354,.35063627,.4094049
Benin,BEN,Alibori,BEN.1_1,Karimama,BEN.1.4_1,Birni-Lafia,BEN.1.4.1_1,Arrondissement,.2857143,.45176402,1.581174
Benin,BEN,Borgou,BEN.4_1,Nikki,BEN.4.4_1,Biro,BEN.4.4.1_1,Arrondissement,.44927537,.49742708,1.1071764
Benin,BEN,Collines,BEN.5_1,Bantè,BEN.5.1_1,Bobè,BEN.5.1.5_1,Arrondissement,.375,.48413798,1.2910346
Benin,BEN,Zou,BEN.12_1,Bohicon,BEN.12.3_1,BohiconI,BEN.12.3.3_1,Arrondissement,.12280702,.32822204,2.6726651
Benin,BEN,Zou,BEN.12_1,Bohicon,BEN.12.3_1,BohiconII,BEN.12.3.4_1,Arrondissement,.24411067,.42956173,1.7597008
Benin,BEN,Collines,BEN.5_1,Savè,BEN.5.6_1,Boni,BEN.5.6.3_1,Arrondissement,0,0,
Benin,BEN,Ouémé,BEN.10_1,Bonou,BEN.10.6_1,Bonou,BEN.10.6.3_1,Arrondissement,0,0,
Benin,BEN,Mono,BEN.9_1,Bopa,BEN.9.2_1,Bopa,BEN.9.2.3_1,Arrondissement,.64637476,.47810763,.73967558
Benin,BEN,Borgou,BEN.4_1,N'Dali,BEN.4.3_1,Bori,BEN.4.3.1_1,Arrondissement,.75308645,.43122652,.57261223
Benin,BEN,Atlantique,BEN.3_1,Tori-Bossito,BEN.3.7_1,Bossito,BEN.3.7.4_1,Arrondissement,0,0,
Benin,BEN,Borgou,BEN.4_1,Bembèrèkè,BEN.4.1_1,Bouanri,BEN.4.1.3_1,Arrondissement,.39534885,.48893091,1.2367076
Benin,BEN,Donga,BEN.6_1,DjougouRural,BEN.6.5_1,Bougou,BEN.6.5.4_1,Arrondissement,.32467532,.46827424,1.4422847
Benin,BEN,Borgou,BEN.4_1,Kalalé,BEN.4.2_1,Bouka,BEN.4.2.2_1,Arrondissement,1,0,0
Benin,BEN,Atakora,BEN.2_1,Boukoumbé,BEN.2.1_1,Boukoumbè,BEN.2.1.1_1,Arrondissement,.19266655,.39440054,2.0470629
Benin,BEN,Atakora,BEN.2_1,Kérou,BEN.2.3_1,Brignamaro,BEN.2.3.1_1,Arrondissement,.78899086,.40803128,.51715589
Benin,BEN,Atlantique,BEN.3_1,Abomey-Calavi,BEN.3.1_1,Calavi,BEN.3.1.2_1,Arrondissement,.17383313,.3789674,2.1800642
Benin,BEN,Collines,BEN.5_1,Ouèssè,BEN.5.4_1,Challa-Ogoi,BEN.5.4.1_1,Arrondissement,0,0,
Benin,BEN,Atakora,BEN.2_1,Cobly,BEN.2.2_1,Cobly,BEN.2.2.1_1,Arrondissement,.12820514,.33432803,2.6077585
Benin,BEN,Atlantique,BEN.3_1,Toffo,BEN.3.6_1,Colli-Agbamè,BEN.3.6.2_1,Arrondissement,0,0,
Benin,BEN,Mono,BEN.9_1,Comè,BEN.9.3_1,Comè,BEN.9.3.3_1,Arrondissement,.32562026,.46860975,1.4391296
Benin,BEN,Donga,BEN.6_1,Copargo,BEN.6.2_1,Copargo,BEN.6.2.2_1,Arrondissement,.56966162,.4951331,.86917055
Benin,BEN,Plateau,BEN.11_1,Ifangni,BEN.11.2_1,Daagbé,BEN.11.2.2_1,Arrondissement,.081081077,.27296698,3.3665929
Benin,BEN,Mono,BEN.9_1,Houéyogbé,BEN.9.5_1,Dahé,BEN.9.5.1_1,Arrondissement,.52586347,.49935052,.94958204
Benin,BEN,Atlantique,BEN.3_1,Toffo,BEN.3.6_1,Damè,BEN.3.6.3_1,Arrondissement,0,0,
Benin,BEN,Ouémé,BEN.10_1,Bonou,BEN.10.6_1,Damè-Wogon,BEN.10.6.4_1,Arrondissement,.1632653,.36962417,2.263948
Benin,BEN,Ouémé,BEN.10_1,Dangbo,BEN.10.7_1,Dangbo,BEN.10.7.1_1,Arrondissement,.15686275,.36368036,2.3184621
Benin,BEN,Collines,BEN.5_1,Dassa-Zoumè,BEN.5.2_1,DassaI,BEN.5.2.2_1,Arrondissement,.485524,.49981353,1.0294311
Benin,BEN,Collines,BEN.5_1,Dassa-Zoumè,BEN.5.2_1,DassaII,BEN.5.2.3_1,Arrondissement,.32773381,.46939486,1.4322442
Benin,BEN,Atakora,BEN.2_1,Matéri,BEN.2.5_1,Dassari,BEN.2.5.1_1,Arrondissement,.32180732,.4671745,1.4517212
Benin,BEN,Zou,BEN.12_1,Ouinhi,BEN.12.6_1,Dasso,BEN.12.6.1_1,Arrondissement,.49295774,.49996316,1.0142111
Benin,BEN,Atakora,BEN.2_1,Cobly,BEN.2.2_1,Datori,BEN.2.2.2_1,Arrondissement,.57575756,.49424094,.85841846
Benin,BEN,Mono,BEN.9_1,Athiémè,BEN.9.1_1,Dédékpoé,BEN.9.1.3_1,Arrondissement,.41666666,.4930374,1.1832898
Benin,BEN,Atlantique,BEN.3_1,Kpomassè,BEN.3.3_1,Dekanmè,BEN.3.3.5_1,Arrondissement,.67094445,.46988252,.70032996
Benin,BEN,Atlantique,BEN.3_1,Sô-Ava,BEN.3.5_1,Dekanmè,BEN.3.5.2_1,Arrondissement,.26984128,.44388741,1.6449945
Benin,BEN,Ouémé,BEN.10_1,Dangbo,BEN.10.7_1,Dékin,BEN.10.7.2_1,Arrondissement,0,0,
Benin,BEN,Kouffo,BEN.7_1,Aplahoué,BEN.7.1_1,Dekpo,BEN.7.1.4_1,Arrondissement,.60423708,.48901987,.80931789
Benin,BEN,Borgou,BEN.4_1,Kalalé,BEN.4.2_1,Dèrassi,BEN.4.2.3_1,Arrondissement,.19672132,.3975257,2.0207555
Benin,BEN,Kouffo,BEN.7_1,Dogbo,BEN.9.6_1,Dèvè,BEN.9.6.2_1,Arrondissement,.49966085,.50000614,1.0006911
Benin,BEN,Atakora,BEN.2_1,Boukoumbé,BEN.2.1_1,Dipoili,BEN.2.1.2_1,Arrondissement,.3114754,.4631153,1.4868439
Benin,BEN,Kouffo,BEN.7_1,Djakotomey,BEN.7.2_1,DjakotomeyI,BEN.7.2.3_1,Arrondissement,.29246223,.45491236,1.5554568
Benin,BEN,Kouffo,BEN.7_1,Djakotomey,BEN.7.2_1,DjakotomeyII,BEN.7.2.4_1,Arrondissement,.23277193,.42261365,1.8155696
Benin,BEN,Collines,BEN.5_1,Savalou,BEN.5.5_1,Djaloukou,BEN.5.5.1_1,Arrondissement,.68081993,.4661696,.68471789
Benin,BEN,Mono,BEN.9_1,Grand-Popo,BEN.9.4_1,Djanglanmey,BEN.9.4.4_1,Arrondissement,.15384616,.36082059,2.3453338
Benin,BEN,Zou,BEN.12_1,Abomey,BEN.12.1_1,Djègbè,BEN.12.1.3_1,Arrondissement,.4385626,.49621907,1.1314669
Benin,BEN,Zou,BEN.12_1,Djidja,BEN.12.5_1,Djidja,BEN.12.5.4_1,Arrondissement,.47272727,.49926409,1.0561355
Benin,BEN,Ouémé,BEN.10_1,Avrankou,BEN.10.5_1,Djomon,BEN.10.5.3_1,Arrondissement,.25,.43302339,1.7320936
Benin,BEN,Kouffo,BEN.7_1,Klouékanmè,BEN.7.4_1,Djotto,BEN.7.4.4_1,Arrondissement,.37295243,.48360017,1.2966806
Benin,BEN,Donga,BEN.6_1,DjougouUrbain,BEN.6.6_1,DjougouI,BEN.6.6.1_1,Arrondissement,.17732765,.38194892,2.1539164
Benin,BEN,Donga,BEN.6_1,DjougouUrbain,BEN.6.6_1,DjougouII,BEN.6.6.2_1,Arrondissement,.31375685,.46402547,1.4789333
Benin,BEN,Donga,BEN.6_1,DjougouUrbain,BEN.6.6_1,DjougouIII,BEN.6.6.3_1,Arrondissement,.26276356,.4401412,1.6750466
Benin,BEN,Ouémé,BEN.10_1,Sèmè-Kpodji,BEN.10.9_1,Djrègbè,BEN.10.9.3_1,Arrondissement,.19386822,.39533383,2.0391884
Benin,BEN,Atlantique,BEN.3_1,Zè,BEN.3.8_1,Dodji-Bata,BEN.3.8.4_1,Arrondissement,.80434781,.39671084,.49320808
Benin,BEN,Kouffo,BEN.7_1,Toviklin,BEN.7.6_1,Doko,BEN.7.6.3_1,Arrondissement,.63278687,.48206851,.76181811
Benin,BEN,Alibori,BEN.1_1,Kandi,BEN.1.3_1,Donwari,BEN.1.3.3_1,Arrondissement,.27710843,.44757736,1.6151705
Benin,BEN,Collines,BEN.5_1,Savalou,BEN.5.5_1,Doumè,BEN.5.5.2_1,Arrondissement,0,0,
Benin,BEN,Mono,BEN.9_1,Houéyogbé,BEN.9.5_1,Doutou,BEN.9.5.2_1,Arrondissement,.53985453,.49841624,.92324173
Benin,BEN,Borgou,BEN.4_1,Kalalé,BEN.4.2_1,Dunkassa,BEN.4.2.4_1,Arrondissement,1,0,0
Benin,BEN,Ouémé,BEN.10_1,Sèmè-Kpodji,BEN.10.9_1,Ekpè,BEN.10.9.4_1,Arrondissement,.12359479,.32912019,2.6628969
Benin,BEN,Atakora,BEN.2_1,Kérou,BEN.2.3_1,Firou,BEN.2.3.2_1,Arrondissement,.60606062,.48865986,.80628872
Benin,BEN,Atakora,BEN.2_1,Kouandé,BEN.2.4_1,Fô-Tancé,BEN.2.4.3_1,Arrondissement,.37454697,.48401251,1.2922611
Benin,BEN,Alibori,BEN.1_1,Banikoara,BEN.1.1_1,Founougo,BEN.1.1.2_1,Arrondissement,.39473686,.48880431,1.2383043
Benin,BEN,Atlantique,BEN.3_1,Ouidah,BEN.3.4_1,Gakpè,BEN.3.4.7_1,Arrondissement,.1025641,.30339921,2.9581423
Benin,BEN,Borgou,BEN.4_1,Bembèrèkè,BEN.4.1_1,Gamia,BEN.4.1.4_1,Arrondissement,.37313432,.48364589,1.2961711
Benin,BEN,Ouémé,BEN.10_1,Adjohoun,BEN.10.2_1,Gangban,BEN.10.2.6_1,Arrondissement,0,0,
Benin,BEN,Atlantique,BEN.3_1,Sô-Ava,BEN.3.5_1,GanvieI,BEN.3.5.3_1,Arrondissement,.25750241,.43726724,1.6981094
Benin,BEN,Atlantique,BEN.3_1,Sô-Ava,BEN.3.5_1,GanvieII,BEN.3.5.4_1,Arrondissement,.32394367,.467987,1.4446554
Benin,BEN,Alibori,BEN.1_1,Malanville,BEN.1.5_1,Garou,BEN.1.5.1_1,Arrondissement,.69473684,.46052462,.66287637
Benin,BEN,Collines,BEN.5_1,Dassa-Zoumè,BEN.5.2_1,Gbaffo,BEN.5.2.4_1,Arrondissement,.45047906,.49755481,1.1045015
Benin,BEN,Mono,BEN.9_1,Bopa,BEN.9.2_1,Gbakpodji,BEN.9.2.4_1,Arrondissement,.95744681,.201859,.21083051
Benin,BEN,Collines,BEN.5_1,Ouèssè,BEN.5.4_1,Gbanlin,BEN.5.4.3_1,Arrondissement,.14772727,.35483691,2.401973
Benin,BEN,Mono,BEN.9_1,Grand-Popo,BEN.9.4_1,Gbéhoué,BEN.9.4.5_1,Arrondissement,.69696969,.4596099,.65944028
Benin,BEN,Ouémé,BEN.10_1,Dangbo,BEN.10.7_1,Gbéko,BEN.10.7.3_1,Arrondissement,.1641791,.37044507,2.2563474
Benin,BEN,Ouémé,BEN.10_1,Avrankou,BEN.10.5_1,Gbozounmè,BEN.10.5.4_1,Arrondissement,.088044263,.28336778,3.2184696
Benin,BEN,Collines,BEN.5_1,Glazoué,BEN.5.3_1,Glazoué,BEN.5.3.3_1,Arrondissement,.18367347,.38722771,2.1082397
Benin,BEN,Borgou,BEN.4_1,Pèrèrè,BEN.4.6_1,Gninagourou,BEN.4.6.1_1,Arrondissement,.38143903,.48575002,1.2734671
Benin,BEN,Borgou,BEN.4_1,Pèrèrè,BEN.4.6_1,Gninsy,BEN.4.6.2_1,Arrondissement,.76404494,.42460254,.55572981
Benin,BEN,Kouffo,BEN.7_1,Lalo,BEN.7.5_1,Gnizounmè,BEN.7.5.5_1,Arrondissement,.51666665,.49973276,.96722472
Benin,BEN,Kouffo,BEN.7_1,Aplahoué,BEN.7.1_1,Godohou,BEN.7.1.5_1,Arrondissement,.66256893,.47284064,.71364748
Benin,BEN,Atlantique,BEN.3_1,Abomey-Calavi,BEN.3.1_1,Godomey,BEN.3.1.3_1,Arrondissement,.1661254,.37219375,2.2404385
Benin,BEN,Alibori,BEN.1_1,Gogounou,BEN.1.2_1,Gogounou,BEN.1.2.2_1,Arrondissement,.46031746,.49843407,1.082805
Benin,BEN,Kouffo,BEN.7_1,Djakotomey,BEN.7.2_1,Gohomey,BEN.7.2.5_1,Arrondissement,0,0,
Benin,BEN,Atlantique,BEN.3_1,Abomey-Calavi,BEN.3.1_1,Golo-Djigbé,BEN.3.1.4_1,Arrondissement,.44630849,.49711299,1.1138327
Benin,BEN,Collines,BEN.5_1,Glazoué,BEN.5.3_1,Gomè,BEN.5.3.4_1,Arrondissement,0,0,
Benin,BEN,Ouémé,BEN.10_1,Akpro-Missérété,BEN.10.4_1,Gomè-Sota,BEN.10.4.2_1,Arrondissement,.15254237,.35955015,2.3570511
Benin,BEN,Alibori,BEN.1_1,Banikoara,BEN.1.1_1,Gomparou,BEN.1.1.3_1,Arrondissement,.64506269,.47850156,.74179077
Benin,BEN,Atakora,BEN.2_1,Matéri,BEN.2.5_1,Gouandé,BEN.2.5.2_1,Arrondissement,.21428572,.4103345,1.9148943
Benin,BEN,Collines,BEN.5_1,Bantè,BEN.5.1_1,Gouka,BEN.5.1.6_1,Arrondissement,0,0,
Benin,BEN,Alibori,BEN.1_1,Banikoara,BEN.1.1_1,Goumori,BEN.1.1.4_1,Arrondissement,.4891448,.49988741,1.021962
Benin,BEN,Mono,BEN.9_1,Grand-Popo,BEN.9.4_1,Grand-Popo,BEN.9.4.6_1,Arrondissement,.42271265,.49401203,1.168671
Benin,BEN,Alibori,BEN.1_1,Malanville,BEN.1.5_1,Guénè,BEN.1.5.2_1,Arrondissement,.20801276,.40589085,1.9512787
Benin,BEN,Atakora,BEN.2_1,Kouandé,BEN.2.4_1,Guilmaro,BEN.2.4.4_1,Arrondissement,.43589744,.49588466,1.1376177
Benin,BEN,Atlantique,BEN.3_1,Zè,BEN.3.8_1,Hékanmè,BEN.3.8.5_1,Arrondissement,.65079367,.47672638,.73253077
Benin,BEN,Atlantique,BEN.3_1,Abomey-Calavi,BEN.3.1_1,Hévié,BEN.3.1.5_1,Arrondissement,.16665226,.37266713,2.236196
Benin,BEN,Kouffo,BEN.7_1,Lalo,BEN.7.5_1,Hlassamè,BEN.7.5.6_1,Arrondissement,.63636363,.4810591,.75595003
Benin,BEN,Mono,BEN.9_1,Houéyogbé,BEN.9.5_1,Honhoué,BEN.9.5.3_1,Arrondissement,.35493594,.47852397,1.3481981
Benin,BEN,Ouémé,BEN.10_1,Adjarra,BEN.10.1_1,Honvié,BEN.10.1.4_1,Arrondissement,0,0,
Benin,BEN,Mono,BEN.9_1,Lokossa,BEN.9.7_1,Houèdèmè-Adja,BEN.9.7.3_1,Arrondissement,.051833205,.22169383,4.2770619
Benin,BEN,Atlantique,BEN.3_1,Sô-Ava,BEN.3.5_1,Houédo-Aguékon,BEN.3.5.5_1,Arrondissement,.16666667,.37268293,2.2360976
Benin,BEN,Kouffo,BEN.7_1,Toviklin,BEN.7.6_1,Houédogli,BEN.7.6.4_1,Arrondissement,.43473193,.49574104,1.1403373
Benin,BEN,Ouémé,BEN.10_1,Aguégués,BEN.10.3_1,Houédomè,BEN.10.3.2_1,Arrondissement,.2037037,.40276191,1.9771948
Benin,BEN,Ouémé,BEN.10_1,Dangbo,BEN.10.7_1,Houédomey,BEN.10.7.4_1,Arrondissement,.21612324,.41160956,1.9045132
Benin,BEN,Kouffo,BEN.7_1,Djakotomey,BEN.7.2_1,Houègamey,BEN.7.2.6_1,Arrondissement,.45477536,.4979715,1.0949835
Benin,BEN,Atlantique,BEN.3_1,Toffo,BEN.3.6_1,Houégbo,BEN.3.6.5_1,Arrondissement,.12727273,.33331811,2.6189282
Benin,BEN,Zou,BEN.12_1,Covè,BEN.12.4_1,Houen-Hounso,BEN.12.4.4_1,Arrondissement,.22222222,.41574681,1.8708606
Benin,BEN,Mono,BEN.9_1,Houéyogbé,BEN.9.5_1,Houéyogbé,BEN.9.5.4_1,Arrondissement,.58350182,.49300307,.84490407
Benin,BEN,Mono,BEN.9_1,Lokossa,BEN.9.7_1,Houin,BEN.9.7.4_1,Arrondissement,.93674916,.24342462,.25986105
Benin,BEN,Zou,BEN.12_1,Bohicon,BEN.12.3_1,Houngomey,BEN.12.3.6_1,Arrondissement,.47058824,.49914402,1.060681
Benin,BEN,Zou,BEN.12_1,Abomey,BEN.12.1_1,Hounli,BEN.12.1.4_1,Arrondissement,.2355223,.42433068,1.8016582
Benin,BEN,Ouémé,BEN.10_1,Dangbo,BEN.10.7_1,Hozin,BEN.10.7.5_1,Arrondissement,.51847029,.49967176,.96374232
Benin,BEN,Borgou,BEN.4_1,Parakou,BEN.4.5_1,ArrondissementI,BEN.4.5.1_1,Arrondissement,.29116061,.45429865,1.5603025
Benin,BEN,Ouémé,BEN.10_1,Porto-Novo,BEN.10.8_1,ArrondisementI,BEN.10.8.1_1,Arrondissement,.42255723,.49397379,1.1690104
Benin,BEN,Plateau,BEN.11_1,Kétou,BEN.11.3_1,Idigny,BEN.11.3.2_1,Arrondissement,.50987804,.49990755,.98044533
Benin,BEN,Plateau,BEN.11_1,Ifangni,BEN.11.2_1,Ifangni,BEN.11.2.3_1,Arrondissement,.47956854,.49958691,1.0417424
Benin,BEN,Atlantique,BEN.3_1,Ouidah,BEN.3.4_1,ArrondissementII,BEN.3.4.2_1,Arrondissement,.30230904,.45927009,1.5192072
Benin,BEN,Borgou,BEN.4_1,Parakou,BEN.4.5_1,ArrondissementII,BEN.4.5.2_1,Arrondissement,.12962794,.33589533,2.5912263
Benin,BEN,Ouémé,BEN.10_1,Porto-Novo,BEN.10.8_1,ArrondisementII,BEN.10.8.2_1,Arrondissement,.40534911,.49096301,1.2112103
Benin,BEN,Atlantique,BEN.3_1,Ouidah,BEN.3.4_1,ArrondissementIII,BEN.3.4.3_1,Arrondissement,.57837725,.49382749,.85381556
Benin,BEN,Borgou,BEN.4_1,Parakou,BEN.4.5_1,ArrondissementIII,BEN.4.5.3_1,Arrondissement,.15976614,.36639112,2.2932966
Benin,BEN,Ouémé,BEN.10_1,Porto-Novo,BEN.10.8_1,ArrondisementIII,BEN.10.8.3_1,Arrondissement,.13913068,.34608778,2.4875016
Benin,BEN,Plateau,BEN.11_1,Adja-Ouèrè,BEN.11.1_1,Ikpinlè,BEN.11.1.2_1,Arrondissement,0,0,
Benin,BEN,Borgou,BEN.4_1,Bembèrèkè,BEN.4.1_1,Ina,BEN.4.1.5_1,Arrondissement,.5576843,.49666873,.8905912
Benin,BEN,Plateau,BEN.11_1,Pobè,BEN.11.4_1,Issaba,BEN.11.4.3_1,Arrondissement,.61411357,.48680973,.79270309
Benin,BEN,Plateau,BEN.11_1,Sakété,BEN.11.5_1,Ita-Djèbou,BEN.11.5.2_1,Arrondissement,0,0,
Benin,BEN,Atlantique,BEN.3_1,Ouidah,BEN.3.4_1,ArrondissementIV,BEN.3.4.4_1,Arrondissement,.3323898,.4710778,1.417245
Benin,BEN,Ouémé,BEN.10_1,Porto-Novo,BEN.10.8_1,ArrondisementIV,BEN.10.8.4_1,Arrondissement,.076504335,.26580513,3.47438
Benin,BEN,Ouémé,BEN.10_1,Porto-Novo,BEN.10.8_1,ArrondisementIV,BEN.10.8.4_1,Arrondissement,.11683833,.32122877,2.7493441
Benin,BEN,Collines,BEN.5_1,Savè,BEN.5.6_1,Kaboua,BEN.5.6.4_1,Arrondissement,.29824561,.457499,1.5339673
Benin,BEN,Borgou,BEN.4_1,Kalalé,BEN.4.2_1,Kalalè,BEN.4.2.5_1,Arrondissement,.92307693,.26647326,.28867936
Benin,BEN,Alibori,BEN.1_1,Kandi,BEN.1.3_1,KandiI,BEN.1.3.4_1,Arrondissement,.095040292,.29327667,3.085814
Benin,BEN,Alibori,BEN.1_1,Kandi,BEN.1.3_1,KandiII,BEN.1.3.5_1,Arrondissement,.10029693,.30040258,2.9951324
Benin,BEN,Alibori,BEN.1_1,Kandi,BEN.1.3_1,KandiIII,BEN.1.3.6_1,Arrondissement,.70833331,.45453852,.64170146
Benin,BEN,Ouémé,BEN.10_1,Akpro-Missérété,BEN.10.4_1,Katagon,BEN.10.4.3_1,Arrondissement,.18635413,.38940001,2.08957
Benin,BEN,Collines,BEN.5_1,Ouèssè,BEN.5.4_1,Kèmon,BEN.5.4.4_1,Arrondissement,0,0,
Benin,BEN,Atakora,BEN.2_1,Kérou,BEN.2.3_1,Kérou,BEN.2.3.3_1,Arrondissement,.57791001,.49389565,.85462379
Benin,BEN,Plateau,BEN.11_1,Kétou,BEN.11.3_1,Kétou,BEN.11.3.3_1,Arrondissement,.39407387,.48865712,1.240014
Benin,BEN,Borgou,BEN.4_1,Tchaourou,BEN.4.8_1,Kika,BEN.4.8.4_1,Arrondissement,.64116549,.47966039,.74810702
Benin,BEN,Collines,BEN.5_1,Ouèssè,BEN.5.4_1,Kilibo,BEN.5.4.5_1,Arrondissement,.15102559,.35808465,2.3710196
Benin,BEN,Kouffo,BEN.7_1,Djakotomey,BEN.7.2_1,Kinkinhoué,BEN.7.2.7_1,Arrondissement,.27649769,.44731268,1.6177809
Benin,BEN,Kouffo,BEN.7_1,Aplahoué,BEN.7.1_1,Kissamey,BEN.7.1.6_1,Arrondissement,.58753169,.49228537,.83788735
Benin,BEN,Kouffo,BEN.7_1,Klouékanmè,BEN.7.4_1,Klouékanmè,BEN.7.4.6_1,Arrondissement,.30137375,.45886549,1.5225796
Benin,BEN,Alibori,BEN.1_1,Banikoara,BEN.1.1_1,Kokiborou*,BEN.1.1.6_1,Arrondissement,.30952382,.462304,1.4935975
Benin,BEN,Collines,BEN.5_1,Bantè,BEN.5.1_1,Koko,BEN.5.1.7_1,Arrondissement,0,0,
Benin,BEN,Plateau,BEN.11_1,Ifangni,BEN.11.2_1,Ko-Koumolou,BEN.11.2.4_1,Arrondissement,.54838711,.49767268,.90752077
Benin,BEN,Donga,BEN.6_1,DjougouRural,BEN.6.5_1,Kolokond?,BEN.6.5.5_1,Arrondissement,.4333657,.49554572,1.1434816
Benin,BEN,Alibori,BEN.1_1,Karimama,BEN.1.4_1,Kompa,BEN.1.4.4_1,Arrondissement,.63513511,.48140234,.75795263
Benin,BEN,Atakora,BEN.2_1,Boukoumbé,BEN.2.1_1,Kossoucoingou,BEN.2.1.4_1,Arrondissement,.29461884,.45588428,1.5473697
Benin,BEN,Atakora,BEN.2_1,Natitingou,BEN.2.6_1,Kouaba,BEN.2.6.2_1,Arrondissement,.7972973,.40202627,.50423634
Benin,BEN,Atakora,BEN.2_1,Natitingou,BEN.2.6_1,Kouandata,BEN.2.6.3_1,Arrondissement,.66666669,.47141916,.7071287
Benin,BEN,Atakora,BEN.2_1,Kouandé,BEN.2.4_1,Kouandé,BEN.2.4.5_1,Arrondissement,.99224806,.087704405,.088389598
Benin,BEN,Mono,BEN.9_1,Lokossa,BEN.9.7_1,Koudo,BEN.9.7.5_1,Arrondissement,.71815652,.44991139,.62648094
Benin,BEN,Atakora,BEN.2_1,Cobly,BEN.2.2_1,Kountori,BEN.2.2.3_1,Arrondissement,.095238097,.29354948,3.0822694
Benin,BEN,Atlantique,BEN.3_1,Toffo,BEN.3.6_1,Koussi,BEN.3.6.6_1,Arrondissement,.60833102,.48814011,.80242515
Benin,BEN,Zou,BEN.12_1,Zogbodomey,BEN.12.9_1,Koussoukpa,BEN.12.9.6_1,Arrondissement,.86000001,.34699312,.40348035
Benin,BEN,Ouémé,BEN.10_1,Avrankou,BEN.10.5_1,Kouty,BEN.10.5.5_1,Arrondissement,.1792589,.38358051,2.1398129
Benin,BEN,Plateau,BEN.11_1,Kétou,BEN.11.3_1,Kpankou,BEN.11.3.4_1,Arrondissement,.58207828,.49322042,.8473438
Benin,BEN,Collines,BEN.5_1,Savalou,BEN.5.5_1,Kpataba,BEN.5.5.4_1,Arrondissement,.10829607,.31076169,2.8695564
Benin,BEN,Zou,BEN.12_1,Zagnanado,BEN.12.8_1,Kpédékpo,BEN.12.8.5_1,Arrondissement,.45070422,.49757206,1.1039881
Benin,BEN,Collines,BEN.5_1,Dassa-Zoumè,BEN.5.2_1,Kpingni,BEN.5.2.6_1,Arrondissement,.2739726,.44600451,1.6279165
Benin,BEN,Mono,BEN.9_1,Athiémè,BEN.9.1_1,Kpinnou,BEN.9.1.4_1,Arrondissement,.27777779,.44792101,1.6125156
Benin,BEN,Kouffo,BEN.7_1,Djakotomey,BEN.7.2_1,Kpoba,BEN.7.2.9_1,Arrondissement,.15596677,.36283752,2.3263772
Benin,BEN,Atlantique,BEN.3_1,Kpomassè,BEN.3.3_1,Kpomassè,BEN.3.3.6_1,Arrondissement,.35594374,.47881079,1.3451867
Benin,BEN,Plateau,BEN.11_1,Adja-Ouèrè,BEN.11.1_1,Kpoulou,BEN.11.1.3_1,Arrondissement,.48571429,.49982691,1.0290554
Benin,BEN,Zou,BEN.12_1,Za-Kpota,BEN.12.7_1,Kpozoun,BEN.12.7.4_1,Arrondissement,.82352942,.38122767,.46291932
Benin,BEN,Plateau,BEN.11_1,Ifangni,BEN.11.2_1,Lagbé,BEN.11.2.5_1,Arrondissement,.40909091,.49167809,1.2018797
Benin,BEN,Collines,BEN.5_1,Savalou,BEN.5.5_1,Lahotan,BEN.5.5.5_1,Arrondissement,.32727271,.46922472,1.4337423
Benin,BEN,Kouffo,BEN.7_1,Lalo,BEN.7.5_1,Lalo,BEN.7.5.7_1,Arrondissement,.84061694,.36604467,.43544766
Benin,BEN,Collines,BEN.5_1,Ouèssè,BEN.5.4_1,Laminou,BEN.5.4.6_1,Arrondissement,.36538461,.48154452,1.3179114
Benin,BEN,Kouffo,BEN.7_1,Klouékanmè,BEN.7.4_1,Lanta,BEN.7.4.7_1,Arrondissement,.20863748,.40634704,1.9476224
Benin,BEN,Alibori,BEN.1_1,Ségbana,BEN.1.6_1,Libantè,BEN.1.6.1_1,Arrondissement,.33470735,.47189951,1.409887
Benin,BEN,Alibori,BEN.1_1,Ségbana,BEN.1.6_1,Liboussou,BEN.1.6.2_1,Arrondissement,.60526317,.48880333,.8075881
Benin,BEN,Atlantique,BEN.3_1,Allada,BEN.3.2_1,Lissegan,BEN.3.2.8_1,Arrondissement,0,0,
Benin,BEN,Zou,BEN.12_1,Bohicon,BEN.12.3_1,Lissèzoun,BEN.12.3.7_1,Arrondissement,.22105263,.41496071,1.8772032
Benin,BEN,Mono,BEN.9_1,Bopa,BEN.9.2_1,Lobogo,BEN.9.2.5_1,Arrondissement,.57443494,.49443528,.86073333
Benin,BEN,Collines,BEN.5_1,Savalou,BEN.5.5_1,Logozohoué,BEN.5.5.7_1,Arrondissement,.38095239,.4856365,1.2747958
Benin,BEN,Kouffo,BEN.7_1,Lalo,BEN.7.5_1,Lokogba,BEN.7.5.8_1,Arrondissement,.43829829,.49619022,1.1320834
Benin,BEN,Kouffo,BEN.7_1,Dogbo,BEN.9.6_1,Lokogohoué,BEN.9.6.4_1,Arrondissement,.79179692,.4060303,.51279598
Benin,BEN,Mono,BEN.9_1,Lokossa,BEN.9.7_1,Lokossa,BEN.9.7.6_1,Arrondissement,.2147736,.41066843,1.9120992
Benin,BEN,Kouffo,BEN.7_1,Aplahoué,BEN.7.1_1,Lonkly,BEN.7.1.7_1,Arrondissement,.6941641,.46077502,.66378397
Benin,BEN,Alibori,BEN.1_1,Malanville,BEN.1.5_1,Madécali,BEN.1.5.3_1,Arrondissement,.4716247,.49921322,1.0584967
Benin,BEN,Kouffo,BEN.7_1,Dogbo,BEN.9.6_1,Madjrè,BEN.9.6.5_1,Arrondissement,.66071427,.47348294,.71662283
Benin,BEN,Collines,BEN.5_1,Glazoué,BEN.5.3_1,Magoumi,BEN.5.3.6_1,Arrondissement,.27272728,.44537249,1.6330324
Benin,BEN,Ouémé,BEN.10_1,Adjarra,BEN.10.1_1,Malanhoui,BEN.10.1.5_1,Arrondissement,.31511009,.46457073,1.4743124
Benin,BEN,Alibori,BEN.1_1,Malanville,BEN.1.5_1,Malanville,BEN.1.5.4_1,Arrondissement,.53855711,.4985137,.92564684
Benin,BEN,Donga,BEN.6_1,Bassila,BEN.6.1_1,Manigri,BEN.6.1.3_1,Arrondissement,.38724613,.48713058,1.2579353
Benin,BEN,Plateau,BEN.11_1,Adja-Ouèrè,BEN.11.1_1,Massè,BEN.11.1.4_1,Arrondissement,.51733196,.49970552,.9659282
Benin,BEN,Zou,BEN.12_1,Zogbodomey,BEN.12.9_1,Massi,BEN.12.9.8_1,Arrondissement,.43478259,.49573919,1.1402001
Benin,BEN,Atakora,BEN.2_1,Matéri,BEN.2.5_1,Matéri,BEN.2.5.3_1,Arrondissement,.5786007,.49379063,.85342211
Benin,BEN,Ouémé,BEN.10_1,Adjarra,BEN.10.1_1,Médédjonou,BEN.10.1.6_1,Arrondissement,.29391667,.45555928,1.5499607
Benin,BEN,Kouffo,BEN.7_1,Toviklin,BEN.7.6_1,Missinko,BEN.7.6.5_1,Arrondissement,.73214287,.44285849,.60487986
Benin,BEN,Alibori,BEN.1_1,Karimama,BEN.1.4_1,Monsey,BEN.1.4.5_1,Arrondissement,.27419356,.44611442,1.6270055
Benin,BEN,Zou,BEN.12_1,Djidja,BEN.12.5_1,Mougnon,BEN.12.5.8_1,Arrondissement,.46200213,.4985581,1.0791252
Benin,BEN,Atakora,BEN.2_1,Natitingou,BEN.2.6_1,NatitingouI,BEN.2.6.4_1,Arrondissement,.27668002,.44736758,1.6169132
Benin,BEN,Atakora,BEN.2_1,Natitingou,BEN.2.6_1,NatitingouII,BEN.2.6.5_1,Arrondissement,.67500001,.46838591,.69390506
Benin,BEN,Atakora,BEN.2_1,Natitingou,BEN.2.6_1,NatitingouIII,BEN.2.6.6_1,Arrondissement,.43076923,.49521464,1.1496054
Benin,BEN,Atakora,BEN.2_1,Natitingou,BEN.2.6_1,NatitingouIV,BEN.2.6.7_1,Arrondissement,.7027027,.45708105,.65046149
Benin,BEN,Atakora,BEN.2_1,Natitingou,BEN.2.6_1,NatitingouIV,BEN.2.6.7_1,Arrondissement,.62859935,.48320073,.76869428
Benin,BEN,Atakora,BEN.2_1,Boukoumbé,BEN.2.1_1,Natta,BEN.2.1.6_1,Arrondissement,.40000001,.4899165,1.2247913
Benin,BEN,Atakora,BEN.2_1,Tanguiéta,BEN.2.8_1,N'dahonta,BEN.2.8.2_1,Arrondissement,.28169015,.44983697,1.5969212
Benin,BEN,Borgou,BEN.4_1,N'Dali,BEN.4.3_1,N'Dali,BEN.4.3.3_1,Arrondissement,.41410732,.49257088,1.1894764
Benin,BEN,Borgou,BEN.4_1,Nikki,BEN.4.4_1,Nikki,BEN.4.4.3_1,Arrondissement,.57600963,.49419314,.85795987
Benin,BEN,Atakora,BEN.2_1,Matéri,BEN.2.5_1,Nodi,BEN.2.5.4_1,Arrondissement,.74137932,.43788853,.59064037
Benin,BEN,Plateau,BEN.11_1,Kétou,BEN.11.3_1,Odometa,BEN.11.3.5_1,Arrondissement,.56862748,.49528855,.87102467
Benin,BEN,Collines,BEN.5_1,Ouèssè,BEN.5.4_1,Odougba,BEN.5.4.7_1,Arrondissement,0,0,
Benin,BEN,Collines,BEN.5_1,Savè,BEN.5.6_1,Ofè,BEN.5.6.5_1,Arrondissement,.20253165,.40189666,1.9843646
Benin,BEN,Plateau,BEN.11_1,Adja-Ouèrè,BEN.11.1_1,Oko-Akarè,BEN.11.1.5_1,Arrondissement,.14478354,.35189494,2.43049
Benin,BEN,Plateau,BEN.11_1,Kétou,BEN.11.3_1,Okpometa,BEN.11.3.6_1,Arrondissement,.421875,.49387372,1.1706636
Benin,BEN,Donga,BEN.6_1,DjougouRural,BEN.6.5_1,Onklou,BEN.6.5.6_1,Arrondissement,.37055838,.48296332,1.3033394
Benin,BEN,Atakora,BEN.2_1,Kouandé,BEN.2.4_1,Oroukayo,BEN.2.4.6_1,Arrondissement,.75342464,.43102938,.57209355
Benin,BEN,Collines,BEN.5_1,Savalou,BEN.5.5_1,Ottola,BEN.5.5.9_1,Arrondissement,.2962963,.45663655,1.5411483
Benin,BEN,Donga,BEN.6_1,Ouaké,BEN.6.4_1,Ouaké,BEN.6.4.3_1,Arrondissement,.69200873,.46167162,.6671471
Benin,BEN,Ouémé,BEN.10_1,Avrankou,BEN.10.5_1,Ouanho,BEN.10.5.6_1,Arrondissement,0,0,
Benin,BEN,Alibori,BEN.1_1,Gogounou,BEN.1.2_1,Ouara,BEN.1.2.4_1,Arrondissement,.60759491,.48829412,.8036508
Benin,BEN,Zou,BEN.12_1,Bohicon,BEN.12.3_1,Ouassaho,BEN.12.3.8_1,Arrondissement,.30429438,.46011421,1.5120693
Benin,BEN,Mono,BEN.9_1,Comè,BEN.9.3_1,Ouèdèmè-Pédah,BEN.9.3.4_1,Arrondissement,.31746033,.4655098,1.4663558
Benin,BEN,Atlantique,BEN.3_1,Abomey-Calavi,BEN.3.1_1,Ouédo,BEN.3.1.7_1,Arrondissement,.07678397,.26625034,3.467525
Benin,BEN,Borgou,BEN.4_1,N'Dali,BEN.4.3_1,Ouénou,BEN.4.3.4_1,Arrondissement,.24742268,.43152091,1.7440636
Benin,BEN,Borgou,BEN.4_1,Nikki,BEN.4.4_1,Ouénou,BEN.4.4.4_1,Arrondissement,.61016947,.48772088,.79932034
Benin,BEN,Collines,BEN.5_1,Ouèssè,BEN.5.4_1,Ouèssè,BEN.5.4.8_1,Arrondissement,.24887893,.43238083,1.737314
Benin,BEN,Alibori,BEN.1_1,Banikoara,BEN.1.1_1,Ounet,BEN.1.1.7_1,Arrondissement,.7817595,.41305721,.52836865
Benin,BEN,Zou,BEN.12_1,Djidja,BEN.12.5_1,Oungbègamè,BEN.12.5.9_1,Arrondissement,0,0,
Benin,BEN,Donga,BEN.6_1,Copargo,BEN.6.2_1,Pabégou,BEN.6.2.3_1,Arrondissement,.28301886,.45049503,1.5917492
Benin,BEN,Atlantique,BEN.3_1,Ouidah,BEN.3.4_1,Pahou,BEN.3.4.9_1,Arrondissement,.31391904,.46408617,1.4783627
Benin,BEN,Collines,BEN.5_1,Dassa-Zoumè,BEN.5.2_1,Paouingnan,BEN.5.2.8_1,Arrondissement,.6964699,.45978725,.66016817
Benin,BEN,Donga,BEN.6_1,DjougouRural,BEN.6.5_1,Patargo,BEN.6.5.7_1,Arrondissement,.67431563,.46863699,.69498163
Benin,BEN,Atakora,BEN.2_1,Péhunco,BEN.2.7_1,Péhunco,BEN.2.7.2_1,Arrondissement,.81258631,.39024791,.48025411
Benin,BEN,Donga,BEN.6_1,DjougouRural,BEN.6.5_1,Pélébina,BEN.6.5.8_1,Arrondissement,.76190478,.42592525,.5590269
Benin,BEN,Donga,BEN.6_1,Bassila,BEN.6.1_1,Pénéssoulou,BEN.6.1.4_1,Arrondissement,.64776796,.47767061,.73741007
Benin,BEN,Borgou,BEN.4_1,Kalalé,BEN.4.2_1,Péonga,BEN.4.2.6_1,Arrondissement,.78966236,.40755349,.51611108
Benin,BEN,Atakora,BEN.2_1,Natitingou,BEN.2.6_1,Perma,BEN.2.6.8_1,Arrondissement,.3508772,.47726256,1.3601983
Benin,BEN,Collines,BEN.5_1,Bantè,BEN.5.1_1,Pira,BEN.5.1.9_1,Arrondissement,.10344828,.30455121,2.943995
Benin,BEN,Collines,BEN.5_1,Savè,BEN.5.6_1,Plateau,BEN.5.6.7_1,Arrondissement,.22499999,.4175944,1.8559752
Benin,BEN,Plateau,BEN.11_1,Pobè,BEN.11.4_1,Pobè,BEN.11.4.4_1,Arrondissement,.048266899,.21433198,4.4405584
Benin,BEN,Mono,BEN.9_1,Bopa,BEN.9.2_1,Possotomè,BEN.9.2.6_1,Arrondissement,.375,.4841561,1.291083
Benin,BEN,Alibori,BEN.1_1,Kandi,BEN.1.3_1,Saah,BEN.1.3.8_1,Arrondissement,.61842108,.48578176,.78551942
Benin,BEN,Zou,BEN.12_1,Bohicon,BEN.12.3_1,Saclo,BEN.12.3.9_1,Arrondissement,.26690224,.4423489,1.6573442
Benin,BEN,Zou,BEN.12_1,Ouinhi,BEN.12.6_1,Sagon,BEN.12.6.4_1,Arrondissement,.20754717,.4055579,1.9540517
Benin,BEN,Plateau,BEN.11_1,Sakété,BEN.11.5_1,SakétéI,BEN.11.5.3_1,Arrondissement,.15899813,.36567855,2.2998922
Benin,BEN,Plateau,BEN.11_1,Sakété,BEN.11.5_1,SakétéII,BEN.11.5.4_1,Arrondissement,0,0,
Benin,BEN,Collines,BEN.5_1,Savè,BEN.5.6_1,Sakin,BEN.5.6.8_1,Arrondissement,0,0,
Benin,BEN,Alibori,BEN.1_1,Kandi,BEN.1.3_1,Sam,BEN.1.3.9_1,Arrondissement,.3888889,.48750213,1.2535769
Benin,BEN,Borgou,BEN.4_1,Tchaourou,BEN.4.8_1,Sanson,BEN.4.8.5_1,Arrondissement,.35441378,.47834313,1.3496742
Benin,BEN,Collines,BEN.5_1,Savalou,BEN.5.5_1,Savalou-Aga,BEN.5.5.11_1,Arrondissement,.090909094,.28748947,3.162384
Benin,BEN,Collines,BEN.5_1,Savalou,BEN.5.5_1,Savalou-Agbado,BEN.5.5.12_1,Arrondissement,0,0,
Benin,BEN,Collines,BEN.5_1,Savalou,BEN.5.5_1,Savalou-Attakè,BEN.5.5.13_1,Arrondissement,.15789473,.36465216,2.3094637
Benin,BEN,Atlantique,BEN.3_1,Ouidah,BEN.3.4_1,Savi,BEN.3.4.10_1,Arrondissement,0,0,
Benin,BEN,Mono,BEN.9_1,Grand-Popo,BEN.9.4_1,Sazoué,BEN.9.4.7_1,Arrondissement,.091963783,.28899527,3.1424899
Benin,BEN,Mono,BEN.9_1,Houéyogbé,BEN.9.5_1,Sè,BEN.9.5.5_1,Arrondissement,.59312397,.49125856,.82825613
Benin,BEN,Atlantique,BEN.3_1,Zè,BEN.3.8_1,Sèdjè-Dénou,BEN.3.8.7_1,Arrondissement,0,0,
Benin,BEN,Alibori,BEN.1_1,Ségbana,BEN.1.6_1,Ségbana,BEN.1.6.4_1,Arrondissement,.3956044,.48898754,1.2360518
Benin,BEN,Atlantique,BEN.3_1,Toffo,BEN.3.6_1,Séhouè,BEN.3.6.9_1,Arrondissement,.46875,.49903169,1.0646009
Benin,BEN,Borgou,BEN.4_1,Sinendé,BEN.4.7_1,Sèkèrè,BEN.4.7.2_1,Arrondissement,.28395063,.45091811,1.5880159
Benin,BEN,Atlantique,BEN.3_1,Allada,BEN.3.2_1,Sékou,BEN.3.2.10_1,Arrondissement,.33160761,.47079569,1.4197373
Benin,BEN,Ouémé,BEN.10_1,Sèmè-Kpodji,BEN.10.9_1,Sèmè-Kpodji,BEN.10.9.5_1,Arrondissement,.19706699,.39778811,2.0185425
Benin,BEN,Donga,BEN.6_1,Ouaké,BEN.6.4_1,SèmèrèI,BEN.6.4.4_1,Arrondissement,.81944442,.3846693,.46942696
Benin,BEN,Donga,BEN.6_1,Ouaké,BEN.6.4_1,SèmèrèII,BEN.6.4.5_1,Arrondissement,.49833986,.50000656,1.0033445
Benin,BEN,Donga,BEN.6_1,DjougouRural,BEN.6.5_1,Sérou,BEN.6.5.9_1,Arrondissement,.36470589,.48135582,1.3198465
Benin,BEN,Borgou,BEN.4_1,Sinendé,BEN.4.7_1,Sikki,BEN.4.7.3_1,Arrondissement,.57758623,.49394888,.85519505
Benin,BEN,Borgou,BEN.4_1,Sinendé,BEN.4.7_1,Sinendé,BEN.4.7.4_1,Arrondissement,.50343049,.49999186,.99316961
Benin,BEN,Donga,BEN.6_1,Copargo,BEN.6.2_1,Singré,BEN.6.2.4_1,Arrondissement,.83132529,.37447593,.45045656
Benin,BEN,Borgou,BEN.4_1,N'Dali,BEN.4.3_1,Sirarou,BEN.4.3.5_1,Arrondissement,.4528302,.4977881,1.099282
Benin,BEN,Zou,BEN.12_1,Agbangnizoun,BEN.12.2_1,Siwé-Kpota,BEN.12.2.7_1,Arrondissement,.8142857,.3888813,.47757354
Benin,BEN,Zou,BEN.12_1,Agbangnizoun,BEN.12.2_1,Siwé-Légo,BEN.12.2.8_1,Arrondissement,.39240506,.48829535,1.2443656
Benin,BEN,Collines,BEN.5_1,Dassa-Zoumè,BEN.5.2_1,Soclogbo,BEN.5.2.9_1,Arrondissement,.73015875,.44389293,.60794032
Benin,BEN,Zou,BEN.12_1,Bohicon,BEN.12.3_1,Sodohomè,BEN.12.3.10_1,Arrondissement,.82758623,.37774566,.45644265
Benin,BEN,Alibori,BEN.1_1,Ségbana,BEN.1.6_1,Sokotindji,BEN.1.6.5_1,Arrondissement,.48251748,.4997074,1.0356255
Benin,BEN,Kouffo,BEN.7_1,Djakotomey,BEN.7.2_1,Sokouhoué,BEN.7.2.10_1,Arrondissement,.77089632,.42026651,.54516608
Benin,BEN,Collines,BEN.5_1,Glazoué,BEN.5.3_1,Sokponta,BEN.5.3.8_1,Arrondissement,0,0,
Benin,BEN,Alibori,BEN.1_1,Banikoara,BEN.1.1_1,Somp?r?kou,BEN.1.1.8_1,Arrondissement,.42500001,.49435103,1.1631788
Benin,BEN,Alibori,BEN.1_1,Kandi,BEN.1.3_1,Sonsoro,BEN.1.3.10_1,Arrondissement,.57746476,.49397373,.85541797
Benin,BEN,Borgou,BEN.4_1,Pèrèrè,BEN.4.6_1,Sontou,BEN.4.6.6_1,Arrondissement,1,0,0
Benin,BEN,Alibori,BEN.1_1,Gogounou,BEN.1.2_1,Sori,BEN.1.2.5_1,Arrondissement,.21111111,.40810898,1.9331478
Benin,BEN,Borgou,BEN.4_1,Nikki,BEN.4.4_1,Suya,BEN.4.4.6_1,Arrondissement,.36619717,.4817704,1.3156039
Benin,BEN,Atakora,BEN.2_1,Boukoumbé,BEN.2.1_1,Tabota,BEN.2.1.7_1,Arrondissement,.29347825,.4553661,1.5516179
Benin,BEN,Atakora,BEN.2_1,Tanguiéta,BEN.2.8_1,Taiakou,BEN.2.8.3_1,Arrondissement,.85238314,.35472432,.41615596
Benin,BEN,Plateau,BEN.11_1,Sakété,BEN.11.5_1,Takon,BEN.11.5.5_1,Arrondissement,.26197195,.43971732,1.67849
Benin,BEN,Atakora,BEN.2_1,Toucountouna,BEN.2.9_1,Tampégré,BEN.2.9.2_1,Arrondissement,.3888889,.48751363,1.2536064
Benin,BEN,Atlantique,BEN.3_1,Zè,BEN.3.8_1,Tangbo-Djevié,BEN.3.8.9_1,Arrondissement,0,0,
Benin,BEN,Atakora,BEN.2_1,Tanguiéta,BEN.2.8_1,Tanguiéta,BEN.2.8.4_1,Arrondissement,.50918025,.4999212,.98181576
Benin,BEN,Kouffo,BEN.7_1,Toviklin,BEN.7.6_1,Tannou-Gola,BEN.7.6.6_1,Arrondissement,.46101695,.49849913,1.0813032
Benin,BEN,Atakora,BEN.2_1,Tanguiéta,BEN.2.8_1,Tanongou,BEN.2.8.5_1,Arrondissement,.40799999,.49146989,1.204583
Benin,BEN,Atakora,BEN.2_1,Matéri,BEN.2.5_1,Tantéga,BEN.2.5.5_1,Arrondissement,.32926831,.46995756,1.4272784
Benin,BEN,Atakora,BEN.2_1,Cobly,BEN.2.2_1,Tapoga,BEN.2.2.4_1,Arrondissement,.65151513,.47650474,.73137939
Benin,BEN,Plateau,BEN.11_1,Adja-Ouèrè,BEN.11.1_1,Tatonnoukon,BEN.11.1.6_1,Arrondissement,.28333333,.45063442,1.5904745
Benin,BEN,Plateau,BEN.11_1,Ifangni,BEN.11.2_1,Tchaada,BEN.11.2.6_1,Arrondissement,.48622704,.49983114,1.0279789
Benin,BEN,Atakora,BEN.2_1,Matéri,BEN.2.5_1,Tchanhoun-Cossi,BEN.2.5.6_1,Arrondissement,.66666669,.47141397,.70712095
Benin,BEN,Borgou,BEN.4_1,Tchaourou,BEN.4.8_1,Tchaorou,BEN.4.8.6_1,Arrondissement,.32753015,.46932089,1.432909
Benin,BEN,Borgou,BEN.4_1,Tchaourou,BEN.4.8_1,Tchatchou,BEN.4.8.7_1,Arrondissement,.61111879,.48750001,.79771727
Benin,BEN,Collines,BEN.5_1,Savalou,BEN.5.5_1,Tchetti,BEN.5.5.14_1,Arrondissement,0,0,
Benin,BEN,Kouffo,BEN.7_1,Klouékanmè,BEN.7.4_1,Tchikpé,BEN.7.4.8_1,Arrondissement,.46875,.49904278,1.0646245
Benin,BEN,Collines,BEN.5_1,Glazoué,BEN.5.3_1,Thio,BEN.5.3.9_1,Arrondissement,.16129032,.36781093,2.2804279
Benin,BEN,Atakora,BEN.2_1,Péhunco,BEN.2.7_1,Tobré,BEN.2.7.3_1,Arrondissement,.65052658,.47680774,.73295659
Benin,BEN,Atlantique,BEN.3_1,Toffo,BEN.3.6_1,Toffo,BEN.3.6.10_1,Arrondissement,.47821799,.49953982,1.0445861
Benin,BEN,Atlantique,BEN.3_1,Abomey-Calavi,BEN.3.1_1,Togba,BEN.3.1.8_1,Arrondissement,.049531773,.21697667,4.3805552
Benin,BEN,Ouémé,BEN.10_1,Sèmè-Kpodji,BEN.10.9_1,Tohouè,BEN.10.9.6_1,Arrondissement,.22614029,.4183377,1.8499035
Benin,BEN,Atlantique,BEN.3_1,Kpomassè,BEN.3.3_1,TokpaDomé,BEN.3.3.9_1,Arrondissement,.52969456,.49912837,.94229472
Benin,BEN,Atlantique,BEN.3_1,Tori-Bossito,BEN.3.7_1,Tori-Kada,BEN.3.7.6_1,Arrondissement,.47368422,.49931955,1.054119
Benin,BEN,Kouffo,BEN.7_1,Dogbo,BEN.9.6_1,Tota,BEN.9.6.6_1,Arrondissement,.68108797,.466059,.68428606
Benin,BEN,Atakora,BEN.2_1,Toucountouna,BEN.2.9_1,Toucoutouna,BEN.2.9.3_1,Arrondissement,0,0,
Benin,BEN,Collines,BEN.5_1,Ouèssè,BEN.5.4_1,Toui,BEN.5.4.9_1,Arrondissement,.13798892,.34489802,2.4994617
Benin,BEN,Alibori,BEN.1_1,Malanville,BEN.1.5_1,Toumbouctou,BEN.1.5.5_1,Arrondissement,.39130434,.48805216,1.2472445
Benin,BEN,Alibori,BEN.1_1,Banikoara,BEN.1.1_1,Toura,BEN.1.1.10_1,Arrondissement,.61250001,.48718679,.795407
Benin,BEN,Kouffo,BEN.7_1,Toviklin,BEN.7.6_1,Toviklin,BEN.7.6.7_1,Arrondissement,.45203906,.49770397,1.1010199
Benin,BEN,Plateau,BEN.11_1,Pobè,BEN.11.4_1,Towé,BEN.11.4.5_1,Arrondissement,.53606075,.49871546,.93033385
Benin,BEN,Collines,BEN.5_1,Dassa-Zoumè,BEN.5.2_1,Tré,BEN.5.2.10_1,Arrondissement,.13839023,.3453218,2.495276
Benin,BEN,Ouémé,BEN.10_1,Akpro-Missérété,BEN.10.4_1,Vakon,BEN.10.4.4_1,Arrondissement,.065869667,.24805635,3.7658663
Benin,BEN,Atlantique,BEN.3_1,Sô-Ava,BEN.3.5_1,Vekky,BEN.3.5.7_1,Arrondissement,.3508772,.47725627,1.3601804
Benin,BEN,Zou,BEN.12_1,Abomey,BEN.12.1_1,Vidolè,BEN.12.1.6_1,Arrondissement,.38461539,.48651049,1.2649273
Benin,BEN,Mono,BEN.9_1,Bopa,BEN.9.2_1,Yégodoé,BEN.9.2.7_1,Arrondissement,.70207137,.45735821,.65144122
Benin,BEN,Plateau,BEN.11_1,Sakété,BEN.11.5_1,Yoko,BEN.11.5.6_1,Arrondissement,0,0,
Benin,BEN,Collines,BEN.5_1,Glazoué,BEN.5.3_1,Zaffé,BEN.5.3.10_1,Arrondissement,.50704223,.49996331,.9860388
Benin,BEN,Zou,BEN.12_1,Za-Kpota,BEN.12.7_1,Za-Kpota,BEN.12.7.6_1,Arrondissement,.51724136,.49970987,.96610582
Benin,BEN,Kouffo,BEN.7_1,Lalo,BEN.7.5_1,Zalli,BEN.7.5.11_1,Arrondissement,.5435459,.49810821,.91640502
Benin,BEN,Zou,BEN.12_1,Za-Kpota,BEN.12.7_1,Za-Tanta,BEN.12.7.7_1,Arrondissement,.37777779,.48483747,1.2833933
Benin,BEN,Atlantique,BEN.3_1,Zè,BEN.3.8_1,Zè,BEN.3.8.11_1,Arrondissement,0,0,
Benin,BEN,Zou,BEN.12_1,Za-Kpota,BEN.12.7_1,Zèko,BEN.12.7.8_1,Arrondissement,.75,.43302029,.57736039
Benin,BEN,Atlantique,BEN.3_1,Abomey-Calavi,BEN.3.1_1,Zinvié,BEN.3.1.9_1,Arrondissement,.45901638,.49833032,1.0856482
Benin,BEN,Zou,BEN.12_1,Covè,BEN.12.4_1,Zogba,BEN.12.4.8_1,Arrondissement,.15217391,.35919985,2.3604562
Benin,BEN,Zou,BEN.12_1,Zogbodomey,BEN.12.9_1,Zogbodomey,BEN.12.9.10_1,Arrondissement,.36363637,.48105532,1.3229021
Benin,BEN,Ouémé,BEN.10_1,Aguégués,BEN.10.3_1,Zoungamè,BEN.10.3.3_1,Arrondissement,.57575756,.49423903,.85841519
Benin,BEN,Ouémé,BEN.10_1,Akpro-Missérété,BEN.10.4_1,Zoungbomè,BEN.10.4.5_1,Arrondissement,0,0,
Benin,BEN,Mono,BEN.9_1,Houéyogbé,BEN.9.5_1,Zoungbonou,BEN.9.5.6_1,Arrondissement,.46652672,.49890739,1.0694079
Benin,BEN,Ouémé,BEN.10_1,Dangbo,BEN.10.7_1,Zounguè,BEN.10.7.7_1,Arrondissement,.25,.43302453,1.7320981
Benin,BEN,Zou,BEN.12_1,Abomey,BEN.12.1_1,Zounzounmè,BEN.12.1.7_1,Arrondissement,.14923728,.35632876,2.387666
Benin,BEN,Zou,BEN.12_1,Agbangnizoun,BEN.12.2_1,Adanhondjigon,BEN.12.2.1_1,Arrondissement,,,
Benin,BEN,Zou,BEN.12_1,Agbangnizoun,BEN.12.2_1,Adingningon,BEN.12.2.2_1,Arrondissement,,,
Benin,BEN,Ouémé,BEN.10_1,Adjarra,BEN.10.1_1,AdjarraII,BEN.10.1.2_1,Arrondissement,,,
Benin,BEN,Ouémé,BEN.10_1,Adjohoun,BEN.10.2_1,Adjohoun,BEN.10.2.1_1,Arrondissement,,,
Benin,BEN,Zou,BEN.12_1,Covè,BEN.12.4_1,Adogbé,BEN.12.4.1_1,Arrondissement,,,
Benin,BEN,Zou,BEN.12_1,Agbangnizoun,BEN.12.2_1,Agbangnizoun,BEN.12.2.3_1,Arrondissement,,,
Benin,BEN,Atlantique,BEN.3_1,Allada,BEN.3.2_1,Agbanou,BEN.3.2.1_1,Arrondissement,,,
Benin,BEN,Atlantique,BEN.3_1,Kpomassè,BEN.3.3_1,Agbanto,BEN.3.3.2_1,Arrondissement,,,
Benin,BEN,Zou,BEN.12_1,Djidja,BEN.12.5_1,Agondji,BEN.12.5.1_1,Arrondissement,,,
Benin,BEN,Zou,BEN.12_1,Zagnanado,BEN.12.8_1,Agonlin-Hou?gbo,BEN.12.8.1_1,Arrondissement,,,
Benin,BEN,Collines,BEN.5_1,Bantè,BEN.5.1_1,Agoua,BEN.5.1.1_1,Arrondissement,,,
Benin,BEN,Atlantique,BEN.3_1,Toffo,BEN.3.6_1,Agué,BEN.3.6.1_1,Arrondissement,,,
Benin,BEN,Kouffo,BEN.7_1,Lalo,BEN.7.5_1,Ahodjinnako,BEN.7.5.2_1,Arrondissement,,,
Benin,BEN,Atlantique,BEN.3_1,Sô-Ava,BEN.3.5_1,Ahomey-Lokpo,BEN.3.5.1_1,Arrondissement,,,
Benin,BEN,Zou,BEN.12_1,Zogbodomey,BEN.12.9_1,Akiza,BEN.12.9.1_1,Arrondissement,,,
Benin,BEN,Collines,BEN.5_1,Dassa-Zoumè,BEN.5.2_1,Akofodjoulè,BEN.5.2.1_1,Arrondissement,,,
Benin,BEN,Ouémé,BEN.10_1,Adjohoun,BEN.10.2_1,Akpadanou,BEN.10.2.2_1,Arrondissement,,,
Benin,BEN,Borgou,BEN.4_1,Tchaourou,BEN.4.8_1,Alafiarou,BEN.4.8.1_1,Arrondissement,,,
Benin,BEN,Zou,BEN.12_1,Za-Kpota,BEN.12.7_1,Assalin,BEN.12.7.2_1,Arrondissement,,,
Benin,BEN,Ouémé,BEN.10_1,Bonou,BEN.10.6_1,Atchonsa,BEN.10.6.2_1,Arrondissement,,,
Benin,BEN,Atlantique,BEN.3_1,Allada,BEN.3.2_1,Avakpa,BEN.3.2.5_1,Arrondissement,,,
Benin,BEN,Atlantique,BEN.3_1,Tori-Bossito,BEN.3.7_1,Avamè,BEN.3.7.1_1,Arrondissement,,,
Benin,BEN,Kouffo,BEN.7_1,Toviklin,BEN.7.6_1,Avédjin,BEN.7.6.2_1,Arrondissement,,,
Benin,BEN,Zou,BEN.12_1,Bohicon,BEN.12.3_1,Avogbanna,BEN.12.3.2_1,Arrondissement,,,
Benin,BEN,Kouffo,BEN.7_1,Klouékanmè,BEN.7.4_1,Aya-Hohoué,BEN.7.4.3_1,Arrondissement,,,
Benin,BEN,Atlantique,BEN.3_1,Tori-Bossito,BEN.3.7_1,Azohouè-Aliho,BEN.3.7.2_1,Arrondissement,,,
Benin,BEN,Kouffo,BEN.7_1,Lalo,BEN.7.5_1,Banigbé,BEN.7.5.4_1,Arrondissement,,,
Benin,BEN,Alibori,BEN.1_1,Karimama,BEN.1.4_1,Bogo-Bogo,BEN.1.4.2_1,Arrondissement,,,
Benin,BEN,Zou,BEN.12_1,Zogbodomey,BEN.12.9_1,CanaI,BEN.12.9.3_1,Arrondissement,,,
Benin,BEN,Zou,BEN.12_1,Zogbodomey,BEN.12.9_1,CanaII,BEN.12.9.4_1,Arrondissement,,,
Benin,BEN,Atakora,BEN.2_1,Kouandé,BEN.2.4_1,Chabi-Couma,BEN.2.4.2_1,Arrondissement,,,
Benin,BEN,Atakora,BEN.2_1,Tanguiéta,BEN.2.8_1,Cotiakou,BEN.2.8.1_1,Arrondissement,,,
Benin,BEN,Zou,BEN.12_1,Djidja,BEN.12.5_1,Dan,BEN.12.5.3_1,Arrondissement,,,
Benin,BEN,Atlantique,BEN.3_1,Zè,BEN.3.8_1,Dawé,BEN.3.8.2_1,Arrondissement,,,
Benin,BEN,Atlantique,BEN.3_1,Kpomassè,BEN.3.3_1,Dedomè,BEN.3.3.4_1,Arrondissement,,,
Benin,BEN,Ouémé,BEN.10_1,Adjohoun,BEN.10.2_1,Dèmè,BEN.10.2.5_1,Arrondissement,,,
Benin,BEN,Zou,BEN.12_1,Abomey,BEN.12.1_1,Dètohou,BEN.12.1.2_1,Arrondissement,,,
Benin,BEN,Atlantique,BEN.3_1,Toffo,BEN.3.6_1,Djanglanmè,BEN.3.6.4_1,Arrondissement,,,
Benin,BEN,Atlantique,BEN.3_1,Ouidah,BEN.3.4_1,Djégbadji,BEN.3.4.6_1,Arrondissement,,,
Benin,BEN,Collines,BEN.5_1,Ouèssè,BEN.5.4_1,Djègbè,BEN.5.4.2_1,Arrondissement,,,
Benin,BEN,Atlantique,BEN.3_1,Zè,BEN.3.8_1,Djigbé,BEN.3.8.3_1,Arrondissement,,,
Benin,BEN,Zou,BEN.12_1,Djidja,BEN.12.5_1,Dohouimè,BEN.12.5.5_1,Arrondissement,,,
Benin,BEN,Zou,BEN.12_1,Zogbodomey,BEN.12.9_1,Domè,BEN.12.9.5_1,Arrondissement,,,
Benin,BEN,Zou,BEN.12_1,Zagnanado,BEN.12.8_1,Don-Tan,BEN.12.8.3_1,Arrondissement,,,
Benin,BEN,Zou,BEN.12_1,Zagnanado,BEN.12.8_1,Dovi-centre,BEN.12.8.4_1,Arrondissement,,,
Benin,BEN,Borgou,BEN.4_1,Sinendé,BEN.4.7_1,Fô-Bourè,BEN.4.7.1_1,Arrondissement,,,
Benin,BEN,Borgou,BEN.4_1,N'Dali,BEN.4.3_1,Gbégourou,BEN.4.3.2_1,Arrondissement,,,
Benin,BEN,Atakora,BEN.2_1,Péhunco,BEN.2.7_1,Gnémasson,BEN.2.7.1_1,Arrondissement,,,
Benin,BEN,Zou,BEN.12_1,Bohicon,BEN.12.3_1,Gnidjazoun,BEN.12.3.5_1,Arrondissement,,,
Benin,BEN,Borgou,BEN.4_1,Nikki,BEN.4.4_1,Gnonkourakali,BEN.4.4.2_1,Arrondissement,,,
Benin,BEN,Collines,BEN.5_1,Savalou,BEN.5.5_1,Gobada,BEN.5.5.3_1,Arrondissement,,,
Benin,BEN,Zou,BEN.12_1,Djidja,BEN.12.5_1,Gobè,BEN.12.5.6_1,Arrondissement,,,
Benin,BEN,Borgou,BEN.4_1,Tchaourou,BEN.4.8_1,Goro,BEN.4.8.3_1,Arrondissement,,,
Benin,BEN,Alibori,BEN.1_1,Gogounou,BEN.1.2_1,Gounarou,BEN.1.2.3_1,Arrondissement,,,
Benin,BEN,Zou,BEN.12_1,Covè,BEN.12.4_1,Gounli,BEN.12.4.2_1,Arrondissement,,,
Benin,BEN,Atlantique,BEN.3_1,Allada,BEN.3.2_1,Hinvi,BEN.3.2.7_1,Arrondissement,,,
Benin,BEN,Kouffo,BEN.7_1,Klouékanmè,BEN.7.4_1,Hondji,BEN.7.4.5_1,Arrondissement,,,
Benin,BEN,Kouffo,BEN.7_1,Dogbo,BEN.9.6_1,Honton,BEN.9.6.3_1,Arrondissement,,,
Benin,BEN,Zou,BEN.12_1,Covè,BEN.12.4_1,Houéko,BEN.12.4.3_1,Arrondissement,,,
Benin,BEN,Ouémé,BEN.10_1,Bonou,BEN.10.6_1,Houinviguè,BEN.10.6.5_1,Arrondissement,,,
Benin,BEN,Atlantique,BEN.3_1,Ouidah,BEN.3.4_1,ArrondissementI,BEN.3.4.1_1,Arrondissement,,,
Benin,BEN,Plateau,BEN.11_1,Pobè,BEN.11.4_1,Igana,BEN.11.4.2_1,Arrondissement,,,
Benin,BEN,Alibori,BEN.1_1,Karimama,BEN.1.4_1,Karimama,BEN.1.4.3_1,Arrondissement,,,
Benin,BEN,Alibori,BEN.1_1,Kandi,BEN.1.3_1,Kassakou,BEN.1.3.7_1,Arrondissement,,,
Benin,BEN,Collines,BEN.5_1,Dassa-Zoumè,BEN.5.2_1,Kèrè,BEN.5.2.5_1,Arrondissement,,,
Benin,BEN,Ouémé,BEN.10_1,Dangbo,BEN.10.7_1,Késsounou,BEN.10.7.6_1,Arrondissement,,,
Benin,BEN,Zou,BEN.12_1,Agbangnizoun,BEN.12.2_1,Kinta,BEN.12.2.4_1,Arrondissement,,,
Benin,BEN,Atakora,BEN.2_1,Kérou,BEN.2.3_1,Koabagou,BEN.2.3.4_1,Arrondissement,,,
Benin,BEN,Ouémé,BEN.10_1,Adjohoun,BEN.10.2_1,Kodè,BEN.10.2.7_1,Arrondissement,,,
Benin,BEN,Alibori,BEN.1_1,Banikoara,BEN.1.1_1,Kokey,BEN.1.1.5_1,Arrondissement,,,
Benin,BEN,Kouffo,BEN.7_1,Djakotomey,BEN.7.2_1,Kokohoué,BEN.7.2.8_1,Arrondissement,,,
Benin,BEN,Donga,BEN.6_1,Ouaké,BEN.6.4_1,Kondé,BEN.6.4.2_1,Arrondissement,,,
Benin,BEN,Atakora,BEN.2_1,Boukoumbé,BEN.2.1_1,Korontière,BEN.2.1.3_1,Arrondissement,,,
Benin,BEN,Atakora,BEN.2_1,Natitingou,BEN.2.6_1,Kotopounga,BEN.2.6.1_1,Arrondissement,,,
Benin,BEN,Atakora,BEN.2_1,Toucountouna,BEN.2.9_1,Kouarfa,BEN.2.9.1_1,Arrondissement,,,
Benin,BEN,Atlantique,BEN.3_1,Zè,BEN.3.8_1,Koundokpoè,BEN.3.8.6_1,Arrondissement,,,
Benin,BEN,Zou,BEN.12_1,Za-Kpota,BEN.12.7_1,Kpakpamè,BEN.12.7.3_1,Arrondissement,,,
Benin,BEN,Collines,BEN.5_1,Glazoué,BEN.5.3_1,Kpakpaza,BEN.5.3.5_1,Arrondissement,,,
Benin,BEN,Borgou,BEN.4_1,Pèrèrè,BEN.4.6_1,Kpané,BEN.4.6.3_1,Arrondissement,,,
Benin,BEN,Atlantique,BEN.3_1,Abomey-Calavi,BEN.3.1_1,Kpanroun,BEN.3.1.6_1,Arrondissement,,,
Benin,BEN,Zou,BEN.12_1,Zogbodomey,BEN.12.9_1,Kpokissa,BEN.12.9.7_1,Arrondissement,,,
Benin,BEN,Atlantique,BEN.3_1,Toffo,BEN.3.6_1,Kpomé,BEN.3.6.7_1,Arrondissement,,,
Benin,BEN,Zou,BEN.12_1,Covè,BEN.12.4_1,Lainta-Cogbè,BEN.12.4.5_1,Arrondissement,,,
Benin,BEN,Collines,BEN.5_1,Dassa-Zoumè,BEN.5.2_1,Lèma,BEN.5.2.7_1,Arrondissement,,,
Benin,BEN,Collines,BEN.5_1,Savalou,BEN.5.5_1,Lèma,BEN.5.5.6_1,Arrondissement,,,
Benin,BEN,Zou,BEN.12_1,Agbangnizoun,BEN.12.2_1,Lissazounmè,BEN.12.2.5_1,Arrondissement,,,
Benin,BEN,Atlantique,BEN.3_1,Allada,BEN.3.2_1,Lonagame,BEN.3.2.9_1,Arrondissement,,,
Benin,BEN,Collines,BEN.5_1,Bantè,BEN.5.1_1,Lougba,BEN.5.1.8_1,Arrondissement,,,
Benin,BEN,Alibori,BEN.1_1,Ségbana,BEN.1.6_1,Lougou,BEN.1.6.3_1,Arrondissement,,,
Benin,BEN,Atakora,BEN.2_1,Boukoumbé,BEN.2.1_1,Manta,BEN.2.1.5_1,Arrondissement,,,
Benin,BEN,Collines,BEN.5_1,Savalou,BEN.5.5_1,Monkpa,BEN.5.5.8_1,Arrondissement,,,
Benin,BEN,Zou,BEN.12_1,Djidja,BEN.12.5_1,Monsourou,BEN.12.5.7_1,Arrondissement,,,
Benin,BEN,Zou,BEN.12_1,Covè,BEN.12.4_1,Naogon,BEN.12.4.6_1,Arrondissement,,,
Benin,BEN,Collines,BEN.5_1,Savè,BEN.5.6_1,Okpara,BEN.5.6.6_1,Arrondissement,,,
Benin,BEN,Atlantique,BEN.3_1,Ouidah,BEN.3.4_1,Ouakpé-Daho,BEN.3.4.8_1,Arrondissement,,,
Benin,BEN,Collines,BEN.5_1,Glazoué,BEN.5.3_1,Ouèdèmè,BEN.5.3.7_1,Arrondissement,,,
Benin,BEN,Collines,BEN.5_1,Savalou,BEN.5.5_1,Ouèssè,BEN.5.5.10_1,Arrondissement,,,
Benin,BEN,Zou,BEN.12_1,Ouinhi,BEN.12.6_1,Ouinhi,BEN.12.6.2_1,Arrondissement,,,
Benin,BEN,Mono,BEN.9_1,Comè,BEN.9.3_1,Oumako,BEN.9.3.5_1,Arrondissement,,,
Benin,BEN,Zou,BEN.12_1,Ouinhi,BEN.12.6_1,Oungbègamè,BEN.12.6.3_1,Arrondissement,,,
Benin,BEN,Zou,BEN.12_1,Djidja,BEN.12.5_1,Outo,BEN.12.5.10_1,Arrondissement,,,
Benin,BEN,Zou,BEN.12_1,Za-Kpota,BEN.12.7_1,Passagon,BEN.12.7.5_1,Arrondissement,,,
Benin,BEN,Borgou,BEN.4_1,Pèrèrè,BEN.4.6_1,Pébié,BEN.4.6.4_1,Arrondissement,,,
Benin,BEN,Borgou,BEN.4_1,Pèrèrè,BEN.4.6_1,Pèrèrè,BEN.4.6.5_1,Arrondissement,,,
Benin,BEN,Ouémé,BEN.10_1,Avrankou,BEN.10.5_1,Sado,BEN.10.5.7_1,Arrondissement,,,
Benin,BEN,Zou,BEN.12_1,Agbangnizoun,BEN.12.2_1,Sahé,BEN.12.2.6_1,Arrondissement,,,
Benin,BEN,Atlantique,BEN.3_1,Toffo,BEN.3.6_1,Sè,BEN.3.6.8_1,Arrondissement,,,
Benin,BEN,Atlantique,BEN.3_1,Zè,BEN.3.8_1,Sèdjè-Houégoudo,BEN.3.8.8_1,Arrondissement,,,
Benin,BEN,Atlantique,BEN.3_1,Kpomassè,BEN.3.3_1,Ségbeya,BEN.3.3.7_1,Arrondissement,,,
Benin,BEN,Atlantique,BEN.3_1,Kpomassè,BEN.3.3_1,Ségbohoué,BEN.3.3.8_1,Arrondissement,,,
Benin,BEN,Zou,BEN.12_1,Abomey,BEN.12.1_1,Sèhoun,BEN.12.1.5_1,Arrondissement,,,
Benin,BEN,Borgou,BEN.4_1,Nikki,BEN.4.4_1,Sérékalé,BEN.4.4.5_1,Arrondissement,,,
Benin,BEN,Zou,BEN.12_1,Djidja,BEN.12.5_1,Setto,BEN.12.5.11_1,Arrondissement,,,
Benin,BEN,Atlantique,BEN.3_1,Sô-Ava,BEN.3.5_1,Sô-Ava,BEN.3.5.6_1,Arrondissement,,,
Benin,BEN,Zou,BEN.12_1,Covè,BEN.12.4_1,Soli,BEN.12.4.7_1,Arrondissement,,,
Benin,BEN,Alibori,BEN.1_1,Banikoara,BEN.1.1_1,Soroko,BEN.1.1.9_1,Arrondissement,,,
Benin,BEN,Zou,BEN.12_1,Agbangnizoun,BEN.12.2_1,Tanvé,BEN.12.2.9_1,Arrondissement,,,
Benin,BEN,Zou,BEN.12_1,Zogbodomey,BEN.12.9_1,Tanwé-Hessou,BEN.12.9.9_1,Arrondissement,,,
Benin,BEN,Borgou,BEN.4_1,Nikki,BEN.4.4_1,Tasso,BEN.4.4.7_1,Arrondissement,,,
Benin,BEN,Donga,BEN.6_1,Ouaké,BEN.6.4_1,Tchalinga,BEN.6.4.6_1,Arrondissement,,,
Benin,BEN,Kouffo,BEN.7_1,Lalo,BEN.7.5_1,Tchito,BEN.7.5.9_1,Arrondissement,,,
Benin,BEN,Atakora,BEN.2_1,Boukoumbé,BEN.2.1_1,Tchoumi-Tchoumi,BEN.2.1.8_1,Arrondissement,,,
Benin,BEN,Ouémé,BEN.10_1,Adjohoun,BEN.10.2_1,Togbota,BEN.10.2.8_1,Arrondissement,,,
Benin,BEN,Atlantique,BEN.3_1,Allada,BEN.3.2_1,Togoudo,BEN.3.2.11_1,Arrondissement,,,
Benin,BEN,Kouffo,BEN.7_1,Lalo,BEN.7.5_1,Tohou,BEN.7.5.10_1,Arrondissement,,,
Benin,BEN,Atlantique,BEN.3_1,Allada,BEN.3.2_1,Tokpa-ava,BEN.3.2.12_1,Arrondissement,,,
Benin,BEN,Atlantique,BEN.3_1,Tori-Bossito,BEN.3.7_1,Tori-Gare,BEN.3.7.5_1,Arrondissement,,,
Benin,BEN,Kouffo,BEN.7_1,Dogbo,BEN.9.6_1,Totchangni,BEN.9.6.7_1,Arrondissement,,,
Benin,BEN,Ouémé,BEN.10_1,Porto-Novo,BEN.10.8_1,ArrondisementV,BEN.10.8.5_1,Arrondissement,,,
Benin,BEN,Atlantique,BEN.3_1,Zè,BEN.3.8_1,Yokpo,BEN.3.8.10_1,Arrondissement,,,
Benin,BEN,Zou,BEN.12_1,Zagnanado,BEN.12.8_1,Zagnanado,BEN.12.8.6_1,Arrondissement,,,
Benin,BEN,Alibori,BEN.1_1,Gogounou,BEN.1.2_1,Zougou-Pantrossi,BEN.1.2.6_1,Arrondissement,,,
Benin,BEN,Zou,BEN.12_1,Djidja,BEN.12.5_1,Zoukou,BEN.12.5.12_1,Arrondissement,,,
Benin,BEN,Zou,BEN.12_1,Zogbodomey,BEN.12.9_1,Zoukou,BEN.12.9.11_1,Arrondissement,,,
Benin,BEN,Zou,BEN.12_1,Agbangnizoun,BEN.12.2_1,Zoungoudo,BEN.12.2.10_1,Arrondissement,,,
